day_of_year,date,year,month,day,min_temp,max_temp,avg_temp,rain,snow,at_obs,total_rides,female_rides,male_rides,subscriber_rides,customer_rides,total_seconds,female_seconds,male_seconds,subscriber_seconds,customer_seconds,miles,female_miles,male_miles,subscriber_miles,customer_miles
1,20140101,2014,01,01,22,10,16.0,0.25,2.1,3,123,19,80,99,24,100383,12819,56928,69747,30636,115.16,13.05,76.63,89.68,25.48
2,20140102,2014,01,02,21,-1,10.0,0.22,5.8,6,112,13,99,112,0,77666,10304,67362,77666,0,115.69,13.25,102.44,115.69,0.0
3,20140103,2014,01,03,20,-12,4.0,0.00,0.0,8,6,1,5,6,0,3503,253,3250,3503,0,4.77,0.54,4.23,4.77,0.0
4,20140104,2014,01,04,31,19,25.0,0.26,3.0,7,205,35,151,186,19,218010,25953,175406,201359,16651,195.47,37.02,137.67,174.69,20.78
5,20140105,2014,01,05,29,-3,13.0,0.59,8.7,9,33,5,27,32,1,25476,3713,19875,23588,1888,28.32,1.82,24.48,26.3,2.02
6,20140106,2014,01,06,-2,-16,-9.0,0.00,0.0,11,1,0,1,1,0,393,0,393,393,0,0.35,0.0,0.35,0.35,0.0
7,20140107,2014,01,07,3,-12,-4.5,0.00,0.0,10,0,0,0,0,0,0,0,0,0,0,0,0,0,0,0
8,20140108,2014,01,08,17,-6,5.5,0.00,0.0,10,0,0,0,0,0,0,0,0,0,0,0,0,0,0,0
9,20140109,2014,01,09,27,-4,11.5,0.01,0.3,9,860,94,746,840,20,597978,91373,483454,574827,23151,916.83,119.97,768.04,888.01,28.82
10,20140110,2014,01,10,40,27,33.5,0.80,0,9,823,88,705,793,30,545435,65239,453206,518445,26990,797.17,104.58,665.13,769.71,27.46
11,20140111,2014,01,11,40,31,35.5,0.06,0.0,2,829,145,618,763,66,600342,94669,421830,516499,83843,883.39,162.25,648.49,810.74,72.65
12,20140112,2014,01,12,44,28,36.0,0.00,0.0,1,996,203,664,867,129,868934,221130,425615,646745,222189,1062.86,219.88,698.78,918.66,144.2
13,20140113,2014,01,13,45,27,36.0,0.00,0.0,0,2645,386,2116,2502,143,1705945,262273,1258101,1520374,185571,2813.9,439.71,2226.21,2665.92,147.98
14,20140114,2014,01,14,35,22,28.5,0.01,0,0,2149,318,1771,2089,60,1404644,242196,1096292,1338488,66156,2210.44,360.48,1787.37,2147.85,62.59
15,20140115,2014,01,15,22,15,18.5,0,0.1,0,1734,213,1462,1675,59,1129481,131787,915177,1046964,82517,1673.43,226.87,1400.21,1627.08,46.35
16,20140116,2014,01,16,34,19,26.5,0.01,0.3,0,1716,250,1404,1654,62,1225299,218944,944969,1163913,61386,1697.78,247.41,1377.72,1625.13,72.65
17,20140117,2014,01,17,20,12,16.0,0.04,1.1,0,1427,184,1198,1382,45,990842,153513,711124,864637,126205,1396.4,179.36,1151.65,1331.01,65.39
18,20140118,2014,01,18,21,7,14.0,0.12,2.4,1,414,81,296,377,37,318591,51031,185867,236898,81693,401.29,79.03,273.65,352.68,48.61
19,20140119,2014,01,19,37,10,23.5,0.00,0.0,3,562,91,408,499,63,420158,59200,282564,341764,78394,578.87,98.19,425.99,524.18,54.69
20,20140120,2014,01,20,35,13,24.0,0.18,3.4,1,1208,163,972,1135,73,750068,105792,565980,671772,78296,1248.17,176.17,1000.07,1176.24,71.93
21,20140121,2014,01,21,13,0,6.5,0.07,2.5,6,877,112,750,862,15,577512,139882,425639,565521,11991,794.83,99.55,679.84,779.39,15.44
22,20140122,2014,01,22,15,0,7.5,0,0.6,5,923,110,801,911,12,564957,62145,465672,527817,37140,845.87,94.61,739.9,834.51,11.36
23,20140123,2014,01,23,10,-5,2.5,0,0,5,924,110,793,903,21,526681,65711,443470,509181,17500,847.6,96.84,721.53,818.37,29.23
24,20140124,2014,01,24,28,-6,11.0,0.02,0.4,4,896,76,800,876,20,476732,43799,420006,463805,12927,789.63,68.84,700.82,769.66,19.97
25,20140125,2014,01,25,33,7,20.0,0,0,4,434,60,343,403,31,321287,38683,252004,290687,30600,386.67,61.12,301.99,363.11,23.56
26,20140126,2014,01,26,31,6,18.5,0.17,2.4,5,329,58,252,310,19,225310,42043,156886,198929,26381,319.17,61.14,239.52,300.66,18.51
27,20140127,2014,01,27,6,-7,-0.5,0.00,0.0,4,406,42,362,404,2,216016,30608,183043,213651,2365,322.14,37.11,281.45,318.56,3.58
28,20140128,2014,01,28,3,-11,-4.0,0.00,0.0,3,451,40,403,443,8,299772,24261,270145,294406,5366,375.1,36.68,329.67,366.35,8.75
29,20140129,2014,01,29,23,1,12.0,0.00,0.0,3,1072,134,918,1052,20,665851,81510,566530,648040,17811,1018.22,124.26,871.33,995.59,22.63
30,20140130,2014,01,30,33,20,26.5,0,0.4,3,1351,174,1152,1326,25,906251,152150,720577,872727,33524,1359.85,185.56,1148.79,1334.35,25.5
31,20140131,2014,01,31,28,17,22.5,0.01,0.2,3,1570,175,1339,1514,56,997413,117712,789648,907360,90053,1549.25,187.39,1300.44,1487.83,61.42
32,20140201,2014,02,01,31,20,25.5,0.43,3.8,4,242,38,181,219,23,165622,25411,111488,136899,28723,237.97,35.45,178.78,214.23,23.74
33,20140202,2014,02,02,21,-1,10.0,0.00,0.0,6,401,60,307,367,34,286656,39834,204044,243878,42778,393.2,60.68,300.48,361.16,32.04
34,20140203,2014,02,03,21,-6,7.5,0.00,0.0,6,1212,142,1054,1196,16,885553,95223,770249,865472,20081,1193.92,146.18,1036.96,1183.14,10.78
35,20140204,2014,02,04,24,7,15.5,0.08,1.3,6,1208,138,1040,1178,30,797539,174581,589134,763715,33824,1215.34,160.84,1019.15,1179.99,35.35
36,20140205,2014,02,05,25,9,17.0,0.35,5.7,10,509,46,456,502,7,325436,27734,287951,315685,9751,474.48,34.32,428.3,462.62,11.86
37,20140206,2014,02,06,14,-2,6.0,0,0,12,735,76,650,726,9,633785,96787,524066,620853,12932,691.87,76.11,602.4,678.51,13.36
38,20140207,2014,02,07,11,-4,3.5,0.00,0.0,11,735,72,658,730,5,490930,45930,442705,488635,2295,717.96,66.29,648.51,714.8,3.16
39,20140208,2014,02,08,16,5,10.5,0.07,2.5,11,300,23,273,296,4,252289,17008,219942,236950,15339,279.87,24.71,251.57,276.28,3.59
40,20140209,2014,02,09,19,4,11.5,0,0,13,338,48,275,323,15,292160,88963,187073,276036,16124,318.52,41.78,259.3,301.08,17.44
41,20140210,2014,02,10,12,-3,4.5,0.00,0.0,13,882,74,799,873,9,745497,191242,547642,738884,6613,814.02,76.95,728.07,805.02,9.0
42,20140211,2014,02,11,14,-8,3.0,0.00,0.0,12,1075,93,952,1045,30,771355,68058,667463,735521,35834,1019.82,102.42,890.56,992.98,26.84
43,20140212,2014,02,12,24,-5,9.5,0.00,0.0,12,1281,148,1109,1257,24,1003353,105264,866913,972177,31176,1270.89,162.65,1080.74,1243.39,27.5
44,20140213,2014,02,13,32,10,21.0,0,0.1,11,1389,170,1179,1349,40,960191,128578,791349,919927,40264,1489.52,208.56,1242.48,1451.04,38.48
45,20140214,2014,02,14,22,12,17.0,0.00,0.0,9,1338,181,1117,1298,40,887250,114288,653501,767789,119461,1304.08,173.99,1095.12,1269.11,34.97
46,20140215,2014,02,15,24,3,13.5,0.04,0.7,9,728,125,525,650,78,484303,84730,299617,384347,99956,734.03,131.33,498.12,629.45,104.58
47,20140216,2014,02,16,29,17,23.0,0,0,10,530,71,376,447,83,467738,115486,208550,324036,143702,527.97,75.0,364.73,439.73,88.24
48,20140217,2014,02,17,28,23,25.5,0.35,5.0,9,475,56,408,464,11,338671,41531,283451,324982,13689,472.08,59.47,394.0,453.47,18.61
49,20140218,2014,02,18,46,16,31.0,0.00,0.0,14,1399,214,1130,1344,55,1100615,152546,848554,1001100,99515,1491.85,237.88,1187.13,1425.01,66.84
50,20140219,2014,02,19,44,30,37.0,0.00,0.0,7,2235,330,1766,2096,139,1548861,258173,1126884,1385057,163804,2443.56,410.41,1879.84,2290.25,153.31
51,20140220,2014,02,20,49,34,41.5,1.16,0.1,6,1005,129,855,984,21,708176,112332,571471,683803,24373,999.01,135.73,824.99,960.72,38.29
52,20140221,2014,02,21,37,26,31.5,0,0.3,4,1378,177,1154,1331,47,1015058,158732,808781,967513,47545,1330.15,201.84,1077.77,1279.61,50.54
53,20140222,2014,02,22,35,21,28.0,0.00,0.0,3,1114,206,731,937,177,876819,161339,447465,608804,268015,1155.68,228.15,747.82,975.97,179.71
54,20140223,2014,02,23,28,15,21.5,0.00,0.0,3,789,160,524,684,105,555993,126137,304750,430887,125106,837.43,188.49,528.68,717.17,120.26
55,20140224,2014,02,24,25,12,18.5,0.00,0.0,2,1539,200,1306,1506,33,928370,136458,766517,902975,25395,1527.11,229.96,1266.59,1496.55,30.56
56,20140225,2014,02,25,22,6,14.0,0.00,0.0,2,1527,182,1292,1474,53,1005384,179398,767978,947376,58008,1490.78,203.94,1225.19,1429.13,61.65
57,20140226,2014,02,26,18,1,9.5,0.00,0.0,2,1139,147,969,1116,23,631112,112557,492674,605231,25881,1016.35,142.32,853.69,996.01,20.34
58,20140227,2014,02,27,18,4,11.0,0,0,2,1111,105,976,1081,30,602850,61334,505500,566834,36016,1000.82,103.61,864.07,967.68,33.14
59,20140228,2014,02,28,30,3,16.5,0.00,0.0,2,1473,198,1213,1411,62,1088060,136217,797542,933759,154301,1405.82,203.3,1143.25,1346.55,59.27
60,20140301,2014,03,01,31,11,21.0,0.29,3.7,3,590,91,453,545,45,384362,61585,267703,330583,53779,569.93,99.1,427.16,526.26,43.67
61,20140302,2014,03,02,14,1,7.5,0.09,1.4,6,329,53,267,320,9,237747,38292,155864,194156,43591,305.24,55.97,247.88,303.85,1.39
62,20140303,2014,03,03,19,-2,8.5,0,0,6,963,103,815,918,45,670687,66539,541663,608202,62485,953.51,113.06,785.06,898.12,55.39
63,20140304,2014,03,04,27,12,19.5,0,0.1,5,1521,200,1262,1462,59,1049259,145089,754064,899153,150106,1518.08,224.71,1222.93,1447.64,70.44
64,20140305,2014,03,05,23,19,21.0,0.15,1.7,5,910,105,777,882,28,664646,73416,553592,627008,37638,910.77,119.66,758.6,878.26,32.51
65,20140306,2014,03,06,33,16,24.5,0.00,0.0,6,1614,235,1280,1515,99,1041774,167187,746807,913994,127780,1669.41,275.56,1304.6,1580.16,89.25
66,20140307,2014,03,07,47,13,30.0,0.00,0.0,5,2522,353,1861,2214,308,1929585,269356,1180893,1450249,479336,2764.36,442.21,2005.19,2447.4,316.96
67,20140308,2014,03,08,38,21,29.5,0.02,0.3,2,827,128,614,742,85,589094,91173,350435,441608,147486,816.64,136.6,613.61,750.21,66.43
68,20140309,2014,03,09,42,19,30.5,0.00,0.0,2,1104,240,707,947,157,910030,269018,414152,683170,226860,1175.76,286.34,708.16,994.5,181.26
69,20140310,2014,03,10,53,40,46.5,0.00,0.0,1,4060,671,2684,3355,705,3539536,550392,1742618,2293010,1246526,4733.17,829.43,3100.82,3930.25,802.92
70,20140311,2014,03,11,50,34,42.0,0.14,0.4,0,3121,472,2349,2821,300,2317813,400783,1538809,1939592,378221,3422.19,542.25,2518.9,3061.15,361.04
71,20140312,2014,03,12,34,14,24.0,0.48,3.2,3,940,106,819,925,15,637772,74186,549759,623945,13827,931.36,108.17,806.24,914.41,16.95
72,20140313,2014,03,13,39,11,25.0,0.00,0.0,3,1742,231,1443,1674,68,1255575,186854,917937,1104791,150784,1812.65,257.32,1469.03,1726.35,86.3
73,20140314,2014,03,14,53,37,45.0,0.00,0.0,2,3783,492,2500,2992,791,3409519,397403,1643264,2040667,1368852,4270.95,609.05,2747.28,3356.33,914.62
74,20140315,2014,03,15,40,27,33.5,0,0.2,0,1894,347,951,1298,596,2228734,337196,760235,1097431,1131303,2076.52,399.49,1002.27,1401.76,674.76
75,20140316,2014,03,16,27,19,23.0,0,0,0,749,154,490,644,105,538366,94389,315331,409720,128646,693.89,143.27,445.6,588.87,105.02
76,20140317,2014,03,17,40,20,30.0,0.00,0.0,0,2354,375,1773,2149,205,1760724,333809,1035241,1369377,391347,2441.86,443.57,1721.74,2165.72,276.14
77,20140318,2014,03,18,52,27,39.5,0,0.0,0,3684,598,2638,3237,447,2937229,466240,1680317,2147782,789447,4156.13,775.88,2861.17,3639.71,516.42
78,20140319,2014,03,19,46,34,40.0,0.19,0.0,0,2015,261,1529,1790,225,1536620,190018,979888,1169906,366714,2036.04,303.24,1522.29,1825.53,210.51
79,20140320,2014,03,20,47,30,38.5,0.04,0.7,0,3108,468,2286,2754,354,2340356,362676,1413244,1775920,564436,3349.69,576.68,2409.91,2986.59,363.1
80,20140321,2014,03,21,58,30,44.0,0.00,0.0,0,4199,612,2763,3375,824,3984710,575998,1969756,2545754,1438956,4804.15,774.75,3075.3,3850.05,954.1
81,20140322,2014,03,22,41,26,33.5,0.00,0.0,0,2314,368,1136,1504,810,2529829,271620,713217,984837,1544992,2542.7,428.29,1129.5,1557.79,984.91
82,20140323,2014,03,23,32,19,25.5,0.00,0.0,0,984,177,615,793,191,789621,114917,321215,436770,352851,959.53,172.26,576.17,748.78,210.75
83,20140324,2014,03,24,36,20,28.0,0.00,0.0,0,2429,361,1871,2232,197,1733024,254075,1169960,1424035,308989,2589.8,432.53,1945.65,2378.18,211.62
84,20140325,2014,03,25,31,20,25.5,0.05,0.6,1,2096,278,1733,2011,85,1436152,244045,1035686,1279731,156421,2152.04,308.2,1747.33,2055.53,96.51
85,20140326,2014,03,26,39,15,27.0,0.00,0.0,0,2571,356,2026,2382,189,1781434,245246,1261910,1507156,274278,2727.01,428.63,2114.58,2543.21,183.8
86,20140327,2014,03,27,55,34,44.5,0.20,0,0,1945,240,1588,1828,117,1260241,167543,956474,1124017,136224,1996.33,268.71,1609.35,1878.06,118.27
87,20140328,2014,03,28,55,34,44.5,0.06,0,0,2559,351,1907,2258,301,1840303,241743,1164335,1406078,434225,2760.57,411.48,2010.27,2421.75,338.82
88,20140329,2014,03,29,41,28,34.5,0.00,0.0,0,1920,342,1088,1430,490,1808810,273261,749527,1022788,786022,2168.72,453.49,1125.7,1579.19,589.53
89,20140330,2014,03,30,57,25,41.0,0.00,0.0,0,4865,585,1587,2173,2692,6419826,511929,1153742,1667703,4752123,5886.16,717.53,1867.51,2588.01,3298.15
90,20140331,2014,03,31,68,41,54.5,0,0.0,0,5596,889,3418,4308,1288,5317939,732167,2394507,3128236,2189703,6923.73,1198.96,4049.92,5250.72,1673.01
91,20140401,2014,04,01,57,32,44.5,0.00,0.0,0,3756,542,2782,3324,432,3194061,499933,1840568,2340501,853560,4238.41,674.54,3041.25,3715.79,522.62
92,20140402,2014,04,02,45,34,39.5,0,0.0,0,3733,583,2793,3378,355,2850904,526740,1696757,2225030,625874,4056.07,711.08,2915.62,3628.56,427.51
93,20140403,2014,04,03,43,35,39.0,0.53,0.0,0,1745,267,1370,1637,108,1090787,189479,788899,978378,112409,1713.28,296.36,1300.6,1596.96,116.32
94,20140404,2014,04,04,48,34,41.0,0,0.0,0,2609,351,2014,2366,243,1997294,304507,1276645,1582463,414831,2719.28,403.23,2023.55,2428.15,291.13
95,20140405,2014,04,05,51,31,41.0,0.00,0.0,0,3994,564,1614,2178,1816,5009909,516461,1326353,1842814,3167095,4759.23,658.94,1754.13,2413.07,2346.16
96,20140406,2014,04,06,57,31,44.0,0.00,0.0,0,4732,581,1598,2179,2553,5931440,461755,1162723,1624478,4306962,5918.14,743.92,1819.83,2563.75,3354.39
97,20140407,2014,04,07,54,36,45.0,0.00,0.0,0,4253,731,2974,3706,547,3212368,690527,1862972,2553901,658467,4914.5,968.59,3294.15,4263.15,651.35
98,20140408,2014,04,08,60,40,50.0,0.02,0.0,0,4868,826,3378,4204,664,4158778,657430,2221516,2878946,1279832,5642.25,1081.99,3718.14,4800.13,842.12
99,20140409,2014,04,09,62,33,47.5,0.00,0.0,0,6322,1163,3942,5106,1216,6269294,1006944,2785581,3796435,2472859,7853.79,1566.47,4608.87,6181.25,1672.54
100,20140410,2014,04,10,66,41,53.5,0,0.0,0,5990,1026,3837,4865,1125,5272895,924644,2604832,3530075,1742820,7278.74,1340.31,4479.81,5820.82,1457.92
101,20140411,2014,04,11,70,37,53.5,0.00,0.0,0,8823,1187,4329,5518,3305,10254332,1068369,3077035,4145896,6108436,10914.19,1560.87,5215.93,6777.5,4136.69
102,20140412,2014,04,12,80,44,62.0,0.00,0.0,0,10956,1101,2738,3840,7116,16094885,1090947,2145335,3236567,12858318,13522.14,1405.53,3234.72,4640.6,8881.54
103,20140413,2014,04,13,69,42,55.5,0.43,0.0,0,3274,410,1215,1626,1648,3723476,288883,746490,1036076,2687400,3524.02,465.93,1284.04,1750.52,1773.5
104,20140414,2014,04,14,63,30,46.5,0.30,1.4,0,1777,242,1360,1603,174,1213372,173306,705574,879160,334212,1690.63,248.6,1264.32,1513.27,177.36
105,20140415,2014,04,15,38,26,32.0,0,0,1,2470,355,1939,2294,176,1805812,410865,1122794,1533659,272153,2489.75,397.53,1879.46,2276.99,212.76
106,20140416,2014,04,16,52,26,39.0,0.00,0.0,0,4298,704,3040,3745,553,3477907,680153,1923935,2606125,871782,4704.59,838.14,3243.67,4084.47,620.12
107,20140417,2014,04,17,62,40,51.0,0.00,0.0,0,6336,884,3649,4533,1803,6328369,754635,2464112,3218747,3109622,7463.56,1155.4,4172.08,5327.48,2136.08
108,20140418,2014,04,18,51,38,44.5,0.00,0.0,0,5419,817,3027,3845,1574,5189784,755873,1902119,2658629,2531155,6124.44,998.82,3368.22,4368.14,1756.3
109,20140419,2014,04,19,66,37,51.5,0.00,0.0,0,7539,760,2076,2838,4701,10347228,675312,1497046,2173093,8174135,9344.68,944.19,2315.16,3260.17,6084.51
110,20140420,2014,04,20,79,41,60.0,0.00,0.0,0,10028,841,2118,2959,7069,15287524,786300,1737153,2523453,12764071,11958.16,1039.4,2535.05,3574.45,8383.71
111,20140421,2014,04,21,74,58,66.0,0,0.0,0,6410,915,3649,4564,1846,6013896,704412,2463396,3167808,2846088,7534.05,1175.66,4155.96,5331.62,2202.43
112,20140422,2014,04,22,61,36,48.5,0.00,0.0,0,6207,1021,3912,4936,1271,5268692,830646,2564702,3397198,1871494,7335.35,1284.82,4437.38,5724.19,1611.16
113,20140423,2014,04,23,51,33,42.0,0.02,0.0,0,5456,916,3716,4632,824,4139249,736439,2283335,3019774,1119475,6443.34,1191.62,4159.02,5350.64,1092.7
114,20140424,2014,04,24,64,39,51.5,0.06,0.0,0,5699,917,3831,4748,951,4844071,671241,2528766,3200007,1644064,6696.28,1147.48,4310.45,5457.93,1238.35
115,20140425,2014,04,25,70,45,57.5,0.22,0.0,0,8976,1239,4445,5684,3292,10114219,1115781,3196352,4312133,5802086,11053.92,1611.17,5173.75,6784.92,4269.0
116,20140426,2014,04,26,57,40,48.5,0.00,0.0,0,5902,736,2162,2898,3004,7038029,580769,1500310,2081079,4956950,6964.6,859.72,2421.73,3281.45,3683.15
117,20140427,2014,04,27,60,42,51.0,0.03,0.0,0,3796,614,1695,2309,1487,3859709,524391,1121555,1645946,2213763,4337.45,750.65,1867.64,2618.29,1719.16
118,20140428,2014,04,28,55,45,50.0,0.61,0.0,0,2732,389,2057,2446,286,1847594,293531,1144908,1438439,409155,2856.05,450.07,2071.54,2521.61,334.44
119,20140429,2014,04,29,59,47,53.0,0.61,0.0,0,5195,892,3687,4579,616,3944430,771069,2277263,3048332,896098,6032.25,1125.69,4160.42,5286.11,746.14
120,20140430,2014,04,30,53,43,48.0,0.01,0.0,0,5181,877,3809,4686,495,3724553,652162,2394396,3046558,677995,5996.44,1063.35,4284.93,5348.28,648.16
121,20140501,2014,05,01,49,42,45.5,0.09,0.0,0,3296,531,2511,3042,254,2156795,386626,1396192,1782818,373977,3470.09,615.08,2519.82,3134.9,335.19
122,20140502,2014,05,02,53,46,49.5,0,0.0,0,5403,895,3651,4546,857,4677577,755298,2395361,3150659,1526918,6225.13,1088.47,4106.18,5194.65,1030.48
123,20140503,2014,05,03,67,46,56.5,0.00,0.0,0,9264,1111,2804,3915,5349,13023248,1006490,2139090,3145580,9877668,12029.85,1428.9,3409.34,4838.24,7191.61
124,20140504,2014,05,04,58,44,51.0,0.00,0.0,0,4940,662,1838,2500,2440,5683686,490883,1176436,1667319,4016367,5842.48,751.28,2004.75,2756.03,3086.45
125,20140505,2014,05,05,55,43,49.0,0.05,0.0,0,5586,853,3773,4626,960,4580930,682950,2338777,3021727,1559203,6309.95,1065.74,4078.73,5144.47,1165.48
126,20140506,2014,05,06,63,41,52.0,0.00,0.0,0,7036,1190,4523,5713,1323,5904524,960876,2980150,3941026,1963498,8495.08,1582.36,5204.71,6787.07,1708.01
127,20140507,2014,05,07,78,48,63.0,0,0.0,0,7491,1264,4656,5920,1571,7177589,1181425,3044650,4226075,2951514,8885.58,1596.26,5365.96,6962.22,1923.36
128,20140508,2014,05,08,89,51,70.0,0.10,0.0,0,10058,1574,5420,6994,3064,10430189,1367331,3897507,5264838,5165351,12445.53,2087.08,6441.46,8528.54,3916.99
129,20140509,2014,05,09,73,54,63.5,1.03,0.0,0,7053,1027,3938,4965,2088,7600975,986575,2900053,3886628,3714347,8623.67,1346.91,4543.2,5890.11,2733.56
130,20140510,2014,05,10,77,47,62.0,0.00,0.0,0,12879,1518,3429,4947,7932,18131142,1409228,2802586,4211814,13919328,16694.37,1946.36,4240.94,6187.3,10507.07
131,20140511,2014,05,11,81,52,66.5,0.12,0.0,0,8360,900,2134,3034,5326,12329923,846872,1819980,2666852,9663071,10354.55,1145.22,2516.9,3662.12,6692.43
132,20140512,2014,05,12,84,64,74.0,2.09,0.0,0,8193,1287,4579,5866,2327,8284843,1126723,3146964,4273687,4011156,9845.59,1674.72,5309.82,6984.54,2861.05
133,20140513,2014,05,13,67,52,59.5,0.12,0.0,0,6536,1075,4280,5355,1181,5237827,808230,2657765,3465995,1771832,7600.99,1311.2,4785.57,6096.77,1504.22
134,20140514,2014,05,14,56,44,50.0,0.02,0.0,0,6684,1195,4409,5604,1080,5374436,976431,2829245,3805676,1568760,7867.36,1519.39,5002.3,6521.69,1345.67
135,20140515,2014,05,15,55,40,47.5,0.19,0.0,0,4399,679,3048,3727,672,3226737,455329,1863566,2318895,907842,4822.43,757.46,3271.04,4028.5,793.93
136,20140516,2014,05,16,46,37,41.5,0.10,0.0,0,3775,606,2756,3362,413,2711303,439186,1757989,2197175,514128,4169.66,711.3,2938.41,3649.71,519.95
137,20140517,2014,05,17,60,39,49.5,0.00,0.0,0,7430,1083,2712,3795,3635,8887601,888090,1917478,2805568,6082033,9209.68,1329.3,3182.03,4511.33,4698.35
138,20140518,2014,05,18,69,47,58.0,0.00,0.0,0,11164,1358,3168,4526,6638,15451566,1290467,2562241,3852708,11598858,14429.1,1753.1,3783.01,5536.11,8892.99
139,20140519,2014,05,19,69,45,57.0,0,0.0,0,9639,1438,5096,6534,3105,9966513,1172723,3548171,4720894,5245619,12031.65,1892.99,6120.05,8013.04,4018.61
140,20140520,2014,05,20,85,62,73.5,0.82,0.0,0,10551,1701,5501,7202,3349,11465426,1483156,4045538,5528694,5936732,13471.74,2253.84,6669.78,8923.62,4548.12
141,20140521,2014,05,21,86,63,74.5,0.01,0.0,0,11208,1897,6042,7940,3268,11652884,1706507,4494063,6201003,5451881,14237.98,2463.27,7404.13,9868.02,4369.96
142,20140522,2014,05,22,70,53,61.5,0.00,0.0,0,10135,1634,5738,7372,2763,9820827,1380553,4013307,5393860,4426967,12765.37,2123.86,7017.83,9141.69,3623.68
143,20140523,2014,05,23,69,48,58.5,0.00,0.0,0,10767,1620,5311,6931,3836,11090928,1390736,3768327,5159063,5931865,13512.89,2080.13,6377.65,8457.78,5055.11
144,20140524,2014,05,24,74,47,60.5,0.00,0.0,0,12922,1319,2899,4218,8704,18588703,1148541,2284283,3432824,15155879,16543.79,1681.88,3538.61,5220.49,11323.3
145,20140525,2014,05,25,83,50,66.5,0.00,0.0,0,16391,1282,3017,4299,12092,28325187,1236786,2558916,3795702,24529485,22024.98,1747.87,3848.81,5596.68,16428.3
146,20140526,2014,05,26,87,61,74.0,0.00,0.0,0,12865,1186,2747,3933,8932,20326052,1150089,2335870,3485959,16840093,16397.35,1483.28,3283.61,4766.89,11630.46
147,20140527,2014,05,27,85,58,71.5,0.21,0.0,0,8495,1414,4667,6081,2414,8453180,1315876,3144427,4460303,3992877,10446.88,1842.48,5468.13,7310.61,3136.27
148,20140528,2014,05,28,71,56,63.5,0.03,0.0,0,8511,1541,5267,6808,1703,7501198,1362764,3568662,4931426,2569772,10438.49,2050.47,6208.19,8258.66,2179.83
149,20140529,2014,05,29,76,54,65.0,0.00,0.0,0,10249,1805,5735,7540,2709,9788343,1535994,4048545,5584539,4203804,12860.9,2387.64,6968.08,9355.72,3505.18
150,20140530,2014,05,30,79,53,66.0,0.00,0.0,0,12016,1874,6042,7916,4100,13174871,1625351,4512847,6138198,7036673,15639.46,2543.28,7463.03,10006.31,5633.15
151,20140531,2014,05,31,88,54,71.0,0.00,0.0,0,15449,1951,4144,6095,9354,21777868,1872000,3457293,5329293,16448575,20946.13,2554.75,5263.24,7817.99,13128.14
152,20140601,2014,06,01,90,63,76.5,0,0.0,0,13519,1609,3791,5400,8119,19075242,1432176,3030673,4462849,14612393,17614.62,2060.44,4695.98,6756.42,10858.2
153,20140602,2014,06,02,83,68,75.5,0.14,0.0,0,9691,1803,5305,7108,2583,9806367,1523935,3859952,5383887,4422480,12070.38,2371.4,6312.81,8684.21,3386.17
154,20140603,2014,06,03,81,66,73.5,0.00,0.0,0,12590,2120,6205,8325,4265,13603295,1777221,4561929,6339150,7264145,16563.28,2950.35,7781.79,10732.14,5831.14
155,20140604,2014,06,04,70,55,62.5,0.19,0.0,0,6239,1106,3969,5075,1164,5516488,1010374,2736402,3746776,1769712,7580.4,1443.39,4635.89,6079.28,1501.12
156,20140605,2014,06,05,76,52,64.0,0.00,0.0,0,11896,2130,6328,8458,3438,12006335,1864329,4548868,6413197,5593138,15558.95,2943.3,7934.48,10877.78,4681.17
157,20140606,2014,06,06,81,49,65.0,0.00,0.0,0,13993,2185,6579,8764,5229,15447518,1859978,4792731,6652709,8794809,18288.19,2874.05,8107.24,10981.29,7306.9
158,20140607,2014,06,07,84,57,70.5,0.08,0.0,0,15582,2080,4175,6255,9327,21254802,1910180,3375940,5286120,15968682,20985.18,2761.42,5329.4,8090.82,12894.36
159,20140608,2014,06,08,72,54,63.0,0.23,0.0,0,10901,1626,3274,4900,6001,13535075,1394240,2467726,3861966,9673109,13882.28,2102.84,4018.07,6120.91,7761.37
160,20140609,2014,06,09,78,55,66.5,0.00,0.0,0,10932,1984,5790,7774,3158,11193895,1866795,4190012,6056807,5137088,13813.33,2697.26,7073.27,9770.53,4042.8
161,20140610,2014,06,10,66,56,61.0,1.26,0.0,0,4815,906,3248,4154,661,3743515,673552,1989917,2663469,1080046,5635.92,1150.39,3637.5,4787.89,848.03
162,20140611,2014,06,11,67,57,62.0,0.52,0.0,0,7629,1523,4924,6447,1182,6516144,1316023,3452780,4768803,1747341,9333.33,1937.72,5784.08,7721.8,1611.53
163,20140612,2014,06,12,79,58,68.5,0,0.0,0,10814,2123,6160,8285,2529,10472564,1964195,4436402,6402098,4070466,13651.24,2823.86,7437.49,10262.17,3389.07
164,20140613,2014,06,13,75,55,65.0,0.00,0.0,0,13019,2242,6518,8761,4258,14000510,1932125,4645801,6578755,7421755,16738.31,2934.33,7906.68,10842.22,5896.09
165,20140614,2014,06,14,79,52,65.5,0.00,0.0,0,16562,2320,4621,6941,9621,22565095,2317402,3858684,6176086,16389009,22152.57,3115.45,5948.95,9064.4,13088.17
166,20140615,2014,06,15,84,60,72.0,0.00,0.0,0,10778,1452,3316,4768,6010,13632489,1284966,2521515,3806481,9826008,13554.86,1917.54,3985.35,5902.89,7651.97
167,20140616,2014,06,16,88,67,77.5,0.00,0.0,0,12935,2287,6348,8635,4300,14033141,2004850,4531558,6536408,7496733,16454.28,3162.6,7781.9,10944.5,5509.78
168,20140617,2014,06,17,91,77,84.0,0,0.0,0,11592,2156,6276,8432,3160,11401438,1878780,4289495,6168275,5233163,14677.42,2950.52,7464.15,10414.67,4262.75
169,20140618,2014,06,18,82,61,71.5,0.65,0.0,0,8053,1581,4865,6448,1605,7115375,1258735,3385056,4644836,2470539,9871.54,2122.43,5699.53,7822.99,2048.55
170,20140619,2014,06,19,79,59,69.0,0.32,0.0,0,10301,2067,5826,7893,2408,9786395,1775928,4215785,5991713,3794682,12826.82,2762.2,7007.33,9769.53,3057.29
171,20140620,2014,06,20,85,63,74.0,0.01,0.0,0,12424,2124,6314,8439,3985,12751345,1775837,4533150,6310100,6441245,15745.52,2760.28,7548.46,10309.84,5435.68
172,20140621,2014,06,21,84,60,72.0,1.28,0.0,0,11989,1747,3427,5174,6815,16408038,1562234,2791688,4353922,12054116,15905.12,2241.61,4164.99,6406.6,9498.52
173,20140622,2014,06,22,82,63,72.5,0.00,0.0,0,13370,1950,3741,5693,7677,17324358,1844839,2806570,4652376,12671982,17226.87,2541.05,4564.54,7106.95,10119.92
174,20140623,2014,06,23,81,66,73.5,0.05,0.0,0,9598,1606,5260,6866,2732,9353305,1312089,3638768,4950857,4402448,11880.39,2121.68,6296.67,8418.35,3462.04
175,20140624,2014,06,24,87,70,78.5,0.41,0.0,0,10322,1841,5612,7453,2869,10205741,1539940,3999204,5539144,4666597,12903.94,2483.86,6836.99,9320.85,3583.09
176,20140625,2014,06,25,80,59,69.5,0,0.0,0,11450,2159,6382,8541,2909,10724294,1810611,4345466,6156077,4568217,14382.55,2814.35,7630.44,10444.79,3937.76
177,20140626,2014,06,26,78,59,68.5,0.00,0.0,0,11612,2076,6436,8512,3100,11699066,1730097,4549871,6279968,5419098,14725.19,2756.58,7796.79,10553.37,4171.82
178,20140627,2014,06,27,88,59,73.5,0,0.0,0,14661,2309,6587,8896,5765,16876941,1976451,4843251,6819702,10057239,18993.17,3021.64,7941.57,10963.21,8029.96
179,20140628,2014,06,28,87,71,79.0,0.00,0.0,0,14537,1942,3990,5932,8605,19947865,1783976,3183955,4967931,14979934,18950.9,2495.45,4937.95,7433.4,11517.5
180,20140629,2014,06,29,85,69,77.0,0.07,0.0,0,14777,1963,4039,6002,8775,21063132,1929425,3513455,5442880,15620252,19778.25,2655.55,5061.06,7716.61,12061.64
181,20140630,2014,06,30,87,67,77.0,2.60,0.0,0,9426,1557,4913,6470,2956,9246830,1238527,3293118,4531645,4715185,11333.77,1972.68,5561.8,7534.48,3799.29
182,20140701,2014,07,01,80,67,73.5,0,0.0,0,13279,2531,6952,9483,3796,13138994,2141437,4882084,7023521,6115473,16779.16,3409.1,8326.87,11735.97,5043.19
183,20140702,2014,07,02,70,56,63.0,0.12,0.0,0,9657,1780,5702,7482,2175,8371844,1460298,3603676,5063974,3307870,11646.5,2372.56,6459.89,8832.45,2814.05
184,20140703,2014,07,03,76,56,66.0,0.07,0.0,0,13072,2300,6311,8612,4460,13818058,1889846,4430338,6320632,7497426,16840.57,3051.52,7644.2,10696.17,6144.4
185,20140704,2014,07,04,79,58,68.5,0.00,0.0,0,15283,1662,3264,4928,10355,24254697,1561933,2742535,4305631,19949066,20044.84,2186.06,4103.64,6291.0,13753.84
186,20140705,2014,07,05,77,60,68.5,0,0.0,0,14301,1435,3059,4494,9807,20963149,1333973,2467522,3801495,17161654,18679.04,1868.29,3812.33,5680.62,12998.42
187,20140706,2014,07,06,87,63,75.0,0.00,0.0,0,12603,1594,3176,4770,7833,17393047,1434473,2419460,3853933,13539114,15931.88,2033.58,3794.6,5828.18,10103.7
188,20140707,2014,07,07,88,71,79.5,0.63,0.0,0,12427,2228,6069,8297,4130,13288904,1999126,4273483,6272609,7016295,15842.35,3063.98,7365.43,10429.41,5412.94
189,20140708,2014,07,08,81,66,73.5,0.54,0.0,0,11942,2293,6359,8649,3293,11758545,1911942,4537556,6446077,5312468,15299.98,3115.11,7791.5,10902.3,4397.68
190,20140709,2014,07,09,80,62,71.0,0.00,0.0,0,13452,2613,6927,9541,3911,13370518,2328903,4842049,7171337,6199181,17361.82,3643.94,8590.24,12234.54,5127.28
191,20140710,2014,07,10,79,60,69.5,0.00,0.0,0,14504,2640,7096,9737,4767,15075675,2448454,5054987,7503626,7572049,18696.63,3702.65,8625.17,12328.18,6368.45
192,20140711,2014,07,11,81,60,70.5,0.01,0.0,0,12702,2124,6153,8280,4422,13607896,1740299,4230098,5973380,7634516,15965.2,2758.82,7243.32,10004.74,5960.46
193,20140712,2014,07,12,80,70,75.0,0.47,0.0,0,7904,1072,2754,3827,4077,9591690,965349,2132200,3098019,6493671,9634.19,1303.22,3220.55,4524.17,5110.02
194,20140713,2014,07,13,85,68,76.5,0.01,0.0,0,13795,2163,4279,6442,7353,18360781,1952560,3470945,5423505,12937276,18501.82,2880.65,5392.32,8272.97,10228.85
195,20140714,2014,07,14,80,61,70.5,0.20,0.0,0,11422,2092,6072,8165,3257,11450380,1738203,4248073,5986919,5463461,14540.79,2899.66,7503.98,10404.28,4136.51
196,20140715,2014,07,15,70,55,62.5,0.05,0.0,0,11920,2341,6718,9062,2858,10993603,1886904,4696135,6584747,4408856,15109.13,3190.09,8272.15,11463.61,3645.52
197,20140716,2014,07,16,72,55,63.5,0.00,0.0,0,13249,2530,7148,9680,3569,13005795,2182440,5044008,7227583,5778212,16959.27,3486.85,8909.5,12397.84,4561.43
198,20140717,2014,07,17,78,54,66.0,0.00,0.0,0,13716,2695,7263,9958,3758,13546008,2261666,5099987,7361653,6184355,17687.32,3669.12,8912.05,12581.17,5106.15
199,20140718,2014,07,18,79,59,69.0,0.00,0.0,0,15019,2528,7329,9857,5162,16371757,2221430,5316966,7538396,8833361,19605.37,3380.78,9001.9,12382.68,7222.69
200,20140719,2014,07,19,80,57,68.5,0.00,0.0,0,17849,2464,4706,7168,10681,24998452,2271514,3732638,5989411,19009041,24321.62,3385.08,5867.56,9252.64,15068.98
201,20140720,2014,07,20,82,60,71.0,0.00,0.0,0,14680,2079,4160,6239,8441,20135133,1949102,3377891,5326993,14808140,19493.92,2714.66,5149.91,7864.57,11629.35
202,20140721,2014,07,21,86,63,74.5,0.00,0.0,0,13439,2524,6871,9395,4044,14185335,2117489,4839207,6956696,7228639,17153.52,3348.38,8403.69,11752.07,5401.45
203,20140722,2014,07,22,90,69,79.5,0.01,0.0,0,12467,2398,6697,9095,3372,12223296,2032378,4776646,6809024,5414272,15730.74,3194.26,8180.68,11374.94,4355.8
204,20140723,2014,07,23,75,59,67.0,0.00,0.0,0,12748,2578,6917,9495,3253,12286139,2196161,4907347,7103508,5182631,16460.87,3371.49,8540.27,11911.76,4549.11
205,20140724,2014,07,24,75,57,66.0,0.00,0.0,0,13975,2566,7312,9878,4097,14319164,2144780,5162660,7307440,7011724,18159.38,3424.86,9067.75,12492.61,5666.77
206,20140725,2014,07,25,75,55,65.0,0,0.0,0,13055,2236,6532,8768,4287,13700596,1861940,4663222,6525162,7175434,16907.42,2968.86,8013.25,10982.11,5925.31
207,20140726,2014,07,26,84,68,76.0,0.00,0.0,0,14823,2141,4281,6422,8401,20643842,2081236,3445552,5526788,15117054,20060.06,2915.51,5356.7,8272.21,11787.85
208,20140727,2014,07,27,87,65,76.0,0.02,0.0,0,13880,1935,4029,5964,7916,18933841,1734774,3316439,5051213,13882628,17855.85,2484.36,4850.71,7335.07,10520.78
209,20140728,2014,07,28,73,59,66.0,0.00,0.0,0,12632,2259,6761,9020,3612,12228233,1819895,4648909,6468804,5759429,16050.92,2980.63,8277.65,11258.28,4792.64
210,20140729,2014,07,29,81,58,69.5,0.01,0.0,0,12711,2449,7134,9583,3128,12032843,2056983,5115566,7172549,4860294,16043.61,3354.69,8664.23,12018.92,4024.69
211,20140730,2014,07,30,79,59,69.0,0.00,0.0,0,13536,2506,7359,9865,3671,13147724,2051204,5184031,7235235,5912489,17162.6,3376.41,8995.82,12372.23,4790.37
212,20140731,2014,07,31,84,59,71.5,0.00,0.0,0,14298,2574,7054,9628,4670,15065274,2277915,5106529,7384444,7680830,18261.28,3477.42,8557.75,12035.17,6226.11
213,20140801,2014,08,01,85,62,73.5,0.15,0.0,0,13399,2222,6500,8722,4677,14034605,1744928,4490194,6235122,7799483,16749.95,2850.28,7736.84,10587.12,6162.83
214,20140802,2014,08,02,86,59,72.5,0.00,0.0,0,17237,2336,4422,6758,10479,24300154,2212179,3555486,5767665,18532489,23483.89,3140.76,5627.69,8768.45,14715.44
215,20140803,2014,08,03,87,62,74.5,0.00,0.0,0,11007,1516,3128,4644,6363,14362266,1382599,2322675,3705274,10656992,13755.2,1909.98,3696.56,5606.54,8148.66
216,20140804,2014,08,04,87,67,77.0,2.76,0.0,0,11492,2031,5861,7892,3600,11590555,1743195,4077922,5821117,5769438,14016.74,2670.46,6926.07,9596.53,4420.21
217,20140805,2014,08,05,80,64,72.0,0,0.0,0,12713,2344,6894,9236,3477,12549835,2026389,4647710,6671108,5878727,15962.91,3160.6,8309.88,11466.52,4496.39
218,20140806,2014,08,06,80,62,71.0,0.00,0.0,0,13802,2562,7044,9606,4196,13649371,2193643,4949224,7142505,6506866,17501.23,3541.97,8557.5,12098.53,5402.7
219,20140807,2014,08,07,81,61,71.0,0.00,0.0,0,13810,2382,6973,9354,4456,14057810,2012620,4712110,6723586,7334224,17564.38,3270.31,8475.43,11744.13,5820.25
220,20140808,2014,08,08,82,66,74.0,0.00,0.0,0,14308,2337,6768,9106,5202,15185500,1930127,4836413,6767345,8418155,18198.28,3073.76,8124.01,11199.15,6999.13
221,20140809,2014,08,09,80,66,73.0,0.00,0.0,0,16612,2237,4490,6726,9886,22671889,2068424,3621131,5687319,16984570,21906.63,2993.48,5515.61,8505.72,13400.91
222,20140810,2014,08,10,81,69,75.0,0.00,0.0,0,14206,1965,3812,5778,8428,19246243,1830065,2943523,4774674,14471569,18318.19,2585.62,4737.65,7324.65,10993.54
223,20140811,2014,08,11,82,67,74.5,0.85,0.0,0,11015,1800,5423,7224,3791,11298380,1484826,3653394,5138607,6159773,13286.43,2391.0,6454.36,8845.83,4440.6
224,20140812,2014,08,12,70,61,65.5,0.07,0.0,0,9909,1960,5876,7836,2073,8095144,1490292,3781647,5271939,2823205,12178.05,2546.37,6953.95,9500.32,2677.73
225,20140813,2014,08,13,82,57,69.5,0.00,0.0,0,13776,2519,7191,9710,4066,13416219,2215622,4980633,7196255,6219964,17600.86,3503.64,8793.68,12297.32,5303.54
226,20140814,2014,08,14,72,57,64.5,0.00,0.0,0,13482,2467,7176,9642,3840,13529684,2038442,4975216,7012023,6517661,17471.39,3345.69,8837.28,12179.83,5291.56
227,20140815,2014,08,15,78,52,65.0,0.00,0.0,0,14549,2412,6875,9287,5262,15752613,2105469,4850731,6956200,8796413,18348.05,3297.98,8222.74,11520.72,6827.33
228,20140816,2014,08,16,82,62,72.0,0.00,0.0,0,14970,2043,4273,6308,8662,19679803,1878297,3402858,5187128,14492675,19028.21,2581.18,5221.55,7795.75,11232.46
229,20140817,2014,08,17,71,64,67.5,0,0.0,0,10862,1577,3196,4773,6089,13784784,1426056,2315875,3741931,10042853,12927.73,1944.63,3593.54,5538.17,7389.56
230,20140818,2014,08,18,83,65,74.0,0.00,0.0,0,13282,2389,6736,9125,4157,13582498,1923612,4575274,6498886,7083612,16492.61,3197.29,8185.01,11382.3,5110.31
231,20140819,2014,08,19,86,69,77.5,0.09,0.0,0,10299,1950,6106,8055,2244,9183965,1546393,4041796,5586117,3597848,12622.14,2563.23,7330.9,9891.28,2730.86
232,20140820,2014,08,20,86,66,76.0,0.00,0.0,0,13399,2585,6883,9470,3929,13571685,2075518,4946431,7023020,6548665,16731.97,3428.98,8254.88,11685.35,5046.62
233,20140821,2014,08,21,79,70,74.5,0.98,0.0,0,6081,988,3559,4547,1534,5268941,748155,2323620,3071775,2197166,6998.16,1205.35,4036.4,5241.75,1756.41
234,20140822,2014,08,22,86,72,79.0,1.58,0.0,0,11924,2025,5965,7991,3933,11643364,1724297,3993592,5719103,5924261,14706.59,2621.24,7016.39,9638.58,5068.01
235,20140823,2014,08,23,86,68,77.0,0.34,0.0,0,9948,1553,3185,4735,5213,12423798,1400217,2256008,3651452,8772346,12526.57,1971.49,3830.07,5797.93,6728.64
236,20140824,2014,08,24,88,70,79.0,0.00,0.0,0,13550,1994,3888,5872,7678,17973284,1765762,3064054,4811613,13161671,17319.33,2588.47,4763.16,7338.01,9981.32
237,20140825,2014,08,25,88,71,79.5,0.01,0.0,0,9829,1836,5571,7394,2435,8930963,1466762,3657751,5107429,3823534,11953.01,2340.58,6644.13,8972.2,2980.81
238,20140826,2014,08,26,85,71,78.0,0.12,0.0,0,11699,2329,6768,9090,2609,10221854,1829798,4447806,6271189,3950665,14433.67,3060.82,8177.03,11230.48,3203.19
239,20140827,2014,08,27,82,67,74.5,0.00,0.0,0,12458,2487,7088,9573,2885,11073963,2023645,4853828,6872553,4201410,15290.99,3262.08,8318.7,11575.87,3715.12
240,20140828,2014,08,28,77,67,72.0,0,0.0,0,12481,2364,7013,9377,3104,11348257,1868870,4858969,6727839,4620418,15539.6,3082.5,8280.27,11362.77,4176.83
241,20140829,2014,08,29,86,71,78.5,0.08,0.0,0,11930,2007,6211,8218,3712,11760036,1670912,4211633,5882545,5877491,14599.51,2530.53,7211.82,9742.35,4857.16
242,20140830,2014,08,30,83,70,76.5,0.27,0.0,0,12320,1556,3336,4892,7428,15990531,1267687,2462414,3730101,12260430,15340.25,1960.4,3866.65,5827.05,9513.2
243,20140831,2014,08,31,85,68,76.5,0.00,0.0,0,15768,1553,3239,4792,10976,23791281,1482277,2558315,4040592,19750689,20440.25,2007.15,3968.17,5975.32,14464.93
244,20140901,2014,09,01,83,70,76.5,0.36,0.0,0,11358,1413,3045,4458,6900,14514244,1197748,2238922,3436670,11077574,14131.4,1799.67,3591.48,5391.15,8740.25
245,20140902,2014,09,02,82,67,74.5,0.01,0.0,0,11590,2151,6586,8738,2852,10534061,1704816,4538278,6243957,4290104,14422.01,2866.44,7929.01,10796.41,3625.6
246,20140903,2014,09,03,83,61,72.0,0.00,0.0,0,11923,2344,6968,9314,2609,10873678,1984352,4780530,6765751,4107927,14966.87,3153.05,8427.25,11581.47,3385.4
247,20140904,2014,09,04,85,71,78.0,0.26,0.0,0,9802,1928,6176,8105,1697,8281502,1530564,4097533,5628949,2652553,11841.57,2465.37,7229.84,9696.17,2145.4
248,20140905,2014,09,05,88,64,76.0,0.50,0.0,0,8805,1565,5270,6837,1968,7766654,1247863,3333120,4581668,3184986,10080.76,1889.53,5896.69,7787.16,2293.6
249,20140906,2014,09,06,75,60,67.5,0.00,0.0,0,14097,2259,4328,6587,7510,17913716,1988639,3252592,5241231,12672485,18615.31,3059.79,5318.11,8377.9,10237.41
250,20140907,2014,09,07,80,54,67.0,0.00,0.0,0,12489,1931,3797,5728,6761,16028116,1709957,3131135,4841092,11187024,16905.44,2581.56,4782.35,7363.91,9541.53
251,20140908,2014,09,08,77,55,66.0,0.00,0.0,0,11577,2243,6487,8736,2841,11033924,1816857,4521870,6343730,4690194,14822.04,3043.42,8021.54,11069.75,3752.29
252,20140909,2014,09,09,79,63,71.0,0.01,0.0,0,11284,2228,6692,8920,2364,9853091,1751616,4459646,6211262,3641829,14057.03,2941.38,8018.28,10959.66,3097.37
253,20140910,2014,09,10,80,56,68.0,1.31,0.0,0,6004,1214,3997,5211,793,4852840,1096656,2665353,3762009,1090831,7320.26,1464.28,4716.28,6180.56,1139.7
254,20140911,2014,09,11,56,50,53.0,0.00,0.0,0,8905,1768,5972,7743,1162,6703728,1458879,3742919,5204448,1499280,10753.05,2263.54,6933.77,9199.18,1553.87
255,20140912,2014,09,12,55,44,49.5,0.13,0.0,0,5350,941,3714,4655,695,4060504,643503,2396040,3039543,1020961,6066.77,1104.38,4103.88,5208.26,858.51
256,20140913,2014,09,13,59,41,50.0,0.00,0.0,0,9295,1640,3333,4973,4322,10339209,1343798,2349753,3693551,6645658,11601.54,1998.47,3865.33,5863.8,5737.74
257,20140914,2014,09,14,65,42,53.5,0.00,0.0,0,10164,1634,3514,5148,5016,11852133,1434845,2522511,3957356,7894777,12795.25,2168.44,4335.59,6504.03,6291.22
258,20140915,2014,09,15,62,51,56.5,0,0.0,0,8863,1714,5790,7506,1357,6882242,1258536,3738417,4997724,1884518,10640.42,2192.34,6747.34,8940.62,1699.8
259,20140916,2014,09,16,68,44,56.0,0.00,0.0,0,10454,2128,6465,8593,1861,8837615,1774916,4376697,6151613,2686002,13278.37,2839.39,7911.28,10750.67,2527.7
260,20140917,2014,09,17,70,48,59.0,0.00,0.0,0,10683,2202,6550,8753,1930,9192349,1808743,4395404,6205171,2987178,13384.31,2891.09,7937.07,10829.74,2554.57
261,20140918,2014,09,18,70,53,61.5,0.00,0.0,0,10549,2014,6395,8409,2140,9000557,1601158,4237796,5838954,3161603,12922.75,2626.04,7631.51,10257.55,2665.2
262,20140919,2014,09,19,78,53,65.5,0.00,0.0,0,11847,2127,6439,8566,3281,11065632,1746144,4263501,6009645,5055987,14783.47,2828.76,7663.98,10492.74,4290.73
263,20140920,2014,09,20,77,63,70.0,0.12,0.0,0,8933,1448,3259,4707,4226,10310685,1131648,2273656,3405304,6905381,10945.11,1775.15,3859.06,5634.21,5310.9
264,20140921,2014,09,21,69,51,60.0,0,0.0,0,8014,1313,2939,4252,3762,9116110,1062962,2068919,3131881,5984229,9616.03,1597.08,3368.72,4965.8,4650.23
265,20140922,2014,09,22,67,46,56.5,0.00,0.0,0,10187,2045,6185,8231,1956,8703738,1607193,4100829,5709065,2994673,12604.54,2656.89,7399.43,10057.9,2546.64
266,20140923,2014,09,23,74,51,62.5,0.00,0.0,0,10717,2165,6691,8857,1860,9396672,1780680,4463690,6245227,3151445,13397.47,2887.25,7977.24,10865.62,2531.85
267,20140924,2014,09,24,77,54,65.5,0.00,0.0,0,10700,2297,6651,8948,1752,8934920,1895765,4392207,6287972,2646948,13322.23,3067.04,8011.4,11078.44,2243.79
268,20140925,2014,09,25,74,56,65.0,0.00,0.0,0,10784,2132,6473,8607,2177,8989655,1722131,4196511,5920078,3069577,13361.23,2822.07,7726.2,10549.9,2811.33
269,20140926,2014,09,26,79,51,65.0,0.00,0.0,0,12021,2111,6403,8514,3507,11280470,1673759,4283437,5957196,5323274,14968.13,2687.67,7575.88,10263.55,4704.58
270,20140927,2014,09,27,79,54,66.5,0.00,0.0,0,12363,1870,3908,5778,6585,16263049,1579200,2997749,4576949,11686100,16303.88,2425.22,4812.08,7237.3,9066.58
271,20140928,2014,09,28,78,53,65.5,0.00,0.0,0,11156,1774,3594,5368,5788,13337779,1507278,2599103,4106381,9231398,14385.06,2270.4,4389.02,6659.42,7725.64
272,20140929,2014,09,29,83,53,68.0,0.01,0.0,0,10377,1989,6128,8117,2260,9362198,1700426,4122394,5822820,3539378,12840.04,2671.79,7309.45,9981.24,2858.8
273,20140930,2014,09,30,58,47,52.5,0,0.0,0,8222,1656,5758,7416,806,5869747,1188865,3553070,4743195,1126552,9555.45,2025.44,6570.52,8597.36,958.09
274,20141001,2014,10,01,70,49,59.5,0.00,0.0,0,10149,2104,6761,8866,1283,8039281,1699381,4450806,6150837,1888444,12617.71,2749.02,8096.74,10846.57,1771.14
275,20141002,2014,10,02,72,63,67.5,0.32,0.0,0,8668,1709,5863,7573,1095,6354829,1227681,3632553,4861247,1493582,10088.23,2066.82,6678.39,8746.21,1342.02
276,20141003,2014,10,03,65,43,54.0,0.68,0.0,0,5957,1053,3983,5038,919,4439743,822340,2355423,3178907,1260836,6538.5,1206.18,4229.49,5436.94,1101.56
277,20141004,2014,10,04,47,35,41.0,0.06,0,0,2944,641,1786,2427,517,2149114,453045,1000807,1453852,695262,3158.4,696.99,1860.96,2557.95,600.45
278,20141005,2014,10,05,55,37,46.0,0.01,0.0,0,5702,1058,2500,3558,2144,5701886,849308,1628072,2477380,3224506,6718.43,1244.63,2824.5,4069.13,2649.3
279,20141006,2014,10,06,61,42,51.5,0.01,0.0,0,8379,1758,5545,7303,1076,6546729,1285990,3563368,4849358,1697371,9937.85,2178.46,6375.86,8554.32,1383.53
280,20141007,2014,10,07,66,48,57.0,0,0.0,0,9542,1945,6320,8268,1274,7694818,1502061,4162534,5666278,2028540,11356.92,2482.79,7303.98,9788.51,1568.41
281,20141008,2014,10,08,65,44,54.5,0.00,0.0,0,9734,1951,6437,8392,1342,7535997,1453212,4117763,5579533,1956464,11788.34,2511.6,7502.05,10018.95,1769.39
282,20141009,2014,10,09,62,43,52.5,0.00,0.0,0,9179,1832,6253,8085,1094,7044349,1418020,3911056,5329076,1715273,10836.59,2259.52,7139.88,9399.4,1437.19
283,20141010,2014,10,10,58,39,48.5,0.00,0.0,0,9159,1594,5715,7309,1850,7604458,1182442,3648344,4830786,2773672,10810.99,1895.17,6513.93,8409.1,2401.89
284,20141011,2014,10,11,59,36,47.5,0.00,0.0,0,9389,1557,3051,4608,4781,11405136,1281619,2105889,3387508,8017628,12058.92,1916.36,3509.74,5426.1,6632.82
285,20141012,2014,10,12,63,38,50.5,0.01,0.0,0,8578,1321,2981,4302,4276,11571819,1266503,2176570,3443073,8128746,10870.87,1670.03,3451.23,5121.26,5749.61
286,20141013,2014,10,13,67,56,61.5,0.64,0.0,0,5898,1060,3716,4776,1122,4770039,786334,2288201,3074535,1695504,6659.78,1262.02,4095.59,5357.61,1302.17
287,20141014,2014,10,14,65,52,58.5,0.65,0.0,0,2856,468,2113,2582,274,1898117,335094,1241855,1577749,320368,3023.25,542.89,2177.75,2721.6,301.65
288,20141015,2014,10,15,55,50,52.5,0.05,0.0,0,6208,1268,4582,5851,357,4194860,982499,2760832,3743516,451344,7026.68,1512.87,5054.72,6567.77,458.91
289,20141016,2014,10,16,56,50,53.0,0,0.0,0,7665,1486,5416,6902,763,5673602,1205847,3300572,4506419,1167183,8916.54,1815.55,6144.3,7959.85,956.69
290,20141017,2014,10,17,62,48,55.0,0,0.0,0,8469,1538,5340,6879,1590,7422664,1205924,3583102,4803862,2618802,9927.84,1851.44,6023.15,7876.79,2051.05
291,20141018,2014,10,18,50,36,43.0,0.01,0.0,0,4371,754,2219,2973,1398,3984234,608703,1401935,2010638,1973596,4885.33,869.27,2378.97,3248.24,1637.09
292,20141019,2014,10,19,54,33,43.5,0.00,0.0,0,6612,1169,2764,3933,2679,7394637,937063,1888304,2825367,4569270,7860.59,1419.39,3097.02,4516.41,3344.18
293,20141020,2014,10,20,65,46,55.5,0.01,0.0,0,8538,1713,5548,7261,1277,6936502,1288728,3556334,4845062,2091440,9970.61,2098.32,6323.99,8422.31,1548.3
294,20141021,2014,10,21,53,45,49.0,0.00,0.0,0,7665,1659,5492,7153,512,5242448,1161743,3401230,4563763,678685,8852.35,1996.45,6246.61,8243.6,608.75
295,20141022,2014,10,22,56,35,45.5,0.00,0.0,0,8212,1738,5714,7452,760,5862124,1258886,3472130,4731016,1131108,9591.97,2124.22,6525.4,8649.62,942.35
296,20141023,2014,10,23,59,36,47.5,0.00,0.0,0,8032,1660,5671,7334,698,5706862,1296688,3466209,4765766,941096,9183.31,2044.38,6299.94,8345.86,837.45
297,20141024,2014,10,24,67,52,59.5,0.00,0.0,0,8838,1657,5589,7240,1598,8786906,1557321,4411341,5957495,2829411,10564.56,2055.81,6449.15,8488.04,2076.52
298,20141025,2014,10,25,72,49,60.5,0.00,0.0,0,11010,1687,3757,5438,5572,13928786,1427475,2857215,4277170,9651616,14252.08,2198.45,4588.8,6781.57,7470.51
299,20141026,2014,10,26,64,42,53.0,0.00,0.0,0,8069,1309,2788,4094,3975,9679394,1139372,1895728,3031957,6647437,10011.91,1647.07,3294.44,4938.05,5073.86
300,20141027,2014,10,27,77,51,64.0,0.00,0.0,0,9997,1849,6063,7912,2085,8894667,1550938,4136831,5684660,3210007,12193.04,2402.81,7194.19,9595.46,2597.58
301,20141028,2014,10,28,68,45,56.5,0,0.0,0,8524,1638,5804,7442,1082,6234459,1190465,3524702,4715167,1519292,10183.15,2072.04,6594.57,8666.61,1516.54
302,20141029,2014,10,29,49,36,42.5,0.00,0.0,0,7509,1528,5325,6851,658,4993259,1060205,3132022,4186453,806806,8509.33,1847.65,5835.41,7679.75,829.58
303,20141030,2014,10,30,51,32,41.5,0.00,0.0,0,7450,1374,5403,6775,675,5071594,968069,3147674,4112791,958803,8351.65,1644.7,5851.27,7492.51,859.14
304,20141031,2014,10,31,47,33,40.0,0.03,0.1,0,4010,694,3063,3757,253,2555151,445629,1813105,2258734,296417,4058.03,763.69,3012.2,3775.89,282.14
305,20141101,2014,11,01,43,29,36.0,0.00,0.0,0,3621,690,1980,2670,951,3525859,552770,1283028,1835798,1690061,3972.36,749.37,2078.62,2827.99,1144.37
306,20141102,2014,11,02,51,25,38.0,0.00,0.0,0,4460,875,2116,2987,1473,4212807,623138,1330474,1948527,2264280,5113.22,1045.38,2306.27,3345.67,1767.55
307,20141103,2014,11,03,62,43,52.5,0.00,0.0,0,7503,1440,5309,6749,754,5773059,1321045,3317580,4638625,1134434,8684.73,1755.94,5925.14,7681.08,1003.65
308,20141104,2014,11,04,60,44,52.0,0,0.0,0,6867,1402,5072,6474,393,4663427,994455,3044402,4038857,624570,7741.75,1612.03,5617.03,7229.06,512.69
309,20141105,2014,11,05,60,34,47.0,0,0.0,0,7769,1625,5490,7116,653,5567664,1166141,3365388,4532237,1035427,8881.72,1944.34,6145.58,8090.69,791.03
310,20141106,2014,11,06,51,38,44.5,0,0.0,0,5858,1161,4401,5563,295,3817634,813752,2602446,3417103,400531,6293.86,1308.15,4625.93,5934.83,359.03
311,20141107,2014,11,07,43,29,36.0,0.00,0.0,0,6158,1131,4433,5567,591,4392283,776296,2615515,3393040,999243,6850.86,1309.36,4790.48,6101.01,749.85
312,20141108,2014,11,08,47,36,41.5,0.01,0.0,0,4091,811,2094,2905,1186,3875225,602248,1455884,2058132,1817093,4646.6,920.69,2304.59,3225.28,1421.32
313,20141109,2014,11,09,52,35,43.5,0,0.0,0,3629,770,1951,2721,908,3218153,540782,1131925,1672707,1545446,4033.9,898.13,2064.69,2962.82,1071.08
314,20141110,2014,11,10,62,41,51.5,0.00,0.0,0,7264,1440,5015,6456,808,5464933,1161637,3184523,4347048,1117885,8537.45,1733.37,5838.78,7572.62,964.83
315,20141111,2014,11,11,58,31,44.5,0.21,0.0,0,4764,926,3679,4605,159,3050221,568372,2249925,2818297,231924,5112.93,1027.3,3884.69,4911.99,200.94
316,20141112,2014,11,12,31,24,27.5,0,0,0,4604,890,3602,4492,112,2750800,562515,2015374,2577889,172911,4679.53,938.94,3621.37,4560.31,119.22
317,20141113,2014,11,13,29,24,26.5,0,0,0,3932,730,3071,3802,130,2420703,490527,1780443,2271639,149064,4075.44,799.67,3115.13,3915.61,159.83
318,20141114,2014,11,14,27,21,24.0,0,0,0,4054,718,3157,3875,179,2572913,499058,1876745,2375803,197110,4140.4,736.71,3175.17,3911.88,228.52
319,20141115,2014,11,15,31,17,24.0,0.04,1.4,0,2264,529,1337,1866,398,1836532,344872,783229,1128101,708431,2402.1,585.98,1343.59,1929.57,472.53
320,20141116,2014,11,16,31,18,24.5,0.01,0.2,0,1710,401,1077,1478,232,1192245,305532,612248,917780,274465,1780.61,420.05,1078.72,1498.77,281.84
321,20141117,2014,11,17,21,11,16.0,0,0.3,0,3091,493,2501,2994,97,2020995,348283,1590553,1938836,82159,2952.19,470.64,2380.31,2850.95,101.24
322,20141118,2014,11,18,19,9,14.0,0,0,0,2801,438,2279,2717,84,1703338,282450,1269095,1551545,151793,2796.51,445.04,2226.2,2671.24,125.27
323,20141119,2014,11,19,32,17,24.5,0,0,0,3581,617,2868,3485,96,2191878,457040,1662438,2119478,72400,3516.29,637.09,2776.22,3413.31,102.98
324,20141120,2014,11,20,27,14,20.5,0.00,0.0,0,3424,609,2713,3322,102,1967976,374047,1496446,1870493,97483,3456.51,626.91,2712.66,3339.57,116.94
325,20141121,2014,11,21,35,7,21.0,0.00,0.0,0,3708,607,2942,3549,159,2237889,385531,1702579,2088110,149779,3669.08,638.03,2892.38,3530.41,138.67
326,20141122,2014,11,22,52,33,42.5,0.07,0.0,0,2504,510,1592,2102,402,1934794,365268,1031393,1396661,538133,2691.87,576.37,1676.69,2253.06,438.81
327,20141123,2014,11,23,52,48,50.0,0.63,0.0,0,1665,351,1012,1363,302,1174537,224469,556375,780844,393693,1795.92,403.5,1036.36,1439.86,356.06
328,20141124,2014,11,24,49,24,36.5,0.43,0.7,0,1993,345,1618,1964,29,1135085,222993,873192,1110908,24177,1972.56,351.37,1592.08,1944.89,27.67
329,20141125,2014,11,25,26,18,22.0,0.01,0.2,0,3200,554,2537,3091,109,1815007,350852,1340004,1690856,124151,3062.24,580.64,2398.15,2978.79,83.45
330,20141126,2014,11,26,29,17,23.0,0,0,0,2635,494,2033,2527,108,1585372,304987,1147583,1452570,132802,2606.65,479.48,2008.5,2487.98,118.67
331,20141127,2014,11,27,27,15,21.0,0,0,0,706,147,415,562,144,546404,100847,237228,338075,208329,698.95,156.16,403.5,559.66,139.29
332,20141128,2014,11,28,34,18,26.0,0,0,0,1265,220,895,1115,150,816353,128445,478277,606722,209631,1240.96,222.29,873.79,1096.08,144.88
333,20141129,2014,11,29,51,29,40.0,0.00,0.0,0,2706,437,1189,1626,1080,2883345,404577,742141,1146718,1736627,3125.47,515.27,1314.39,1829.66,1295.81
334,20141130,2014,11,30,50,24,37.0,0,0.0,0,2048,464,1067,1531,517,1765165,336391,624831,961222,803943,2230.39,492.9,1142.94,1635.84,594.55
335,20141201,2014,12,01,25,18,21.5,0.00,0.0,0,3127,500,2513,3013,114,1820597,356737,1370625,1727362,93235,3044.64,501.13,2425.7,2926.83,117.81
336,20141202,2014,12,02,34,18,26.0,0,0,0,3866,673,3047,3721,145,2207496,397634,1642398,2040757,166739,3820.33,679.53,2998.38,3678.72,141.61
337,20141203,2014,12,03,37,24,30.5,0.00,0.0,0,4114,712,3166,3878,236,2652637,463044,1773646,2236690,415947,4259.89,769.66,3223.14,3992.8,267.09
338,20141204,2014,12,04,35,23,29.0,0.00,0.0,0,4177,781,3166,3947,230,2631128,517309,1772791,2290100,341028,4430.04,840.12,3295.22,4135.34,294.7
339,20141205,2014,12,05,40,32,36.0,0.00,0.0,0,4266,731,3264,3995,271,2711556,471155,1897300,2368455,343101,4569.43,827.89,3424.3,4252.19,317.24
340,20141206,2014,12,06,40,26,33.0,0.00,0.0,0,2399,543,1502,2046,353,1743996,345247,873498,1219739,524257,2599.65,577.91,1553.4,2132.69,466.96
341,20141207,2014,12,07,36,26,31.0,0.00,0.0,0,1864,460,1221,1681,183,1190788,302457,661142,963599,227189,2000.56,512.86,1268.21,1781.07,219.49
342,20141208,2014,12,08,37,32,34.5,0.20,0,0,2440,429,1948,2377,63,1363208,260238,1044959,1305197,58011,2509.0,472.56,1968.33,2440.89,68.11
343,20141209,2014,12,09,38,31,34.5,0,0.0,0,3000,514,2401,2916,84,2077237,466186,1510458,1976933,100304,3187.91,565.05,2522.21,3087.62,100.29
344,20141210,2014,12,10,33,28,30.5,0,0,0,3508,632,2792,3424,84,2200043,467125,1664068,2131193,68850,3660.57,672.92,2876.22,3549.14,111.43
345,20141211,2014,12,11,32,23,27.5,0.00,0.0,0,3769,655,2997,3652,117,2502317,416285,1797965,2214250,288067,3932.95,711.75,3074.96,3786.71,146.24
346,20141212,2014,12,12,37,23,30.0,0,0,0,3718,660,2868,3529,189,2440834,433587,1750800,2185096,255738,3818.01,740.86,2889.49,3631.12,186.89
347,20141213,2014,12,13,47,35,41.0,0.00,0.0,0,2805,627,1662,2289,516,2186995,479143,1019305,1498448,688547,2989.6,673.33,1743.15,2416.48,573.12
348,20141214,2014,12,14,50,45,47.5,0,0.0,0,3224,674,1720,2394,830,2824684,457734,1105478,1563212,1261472,3668.83,803.28,1946.08,2749.36,919.47
349,20141215,2014,12,15,46,42,44.0,0.06,0.0,0,3446,592,2544,3140,306,2400086,474785,1530166,2008623,391463,3701.9,659.7,2743.3,3405.1,296.8
350,20141216,2014,12,16,45,29,37.0,0.02,0.0,0,3728,636,2902,3541,187,2377201,394199,1803667,2199309,177892,3995.49,682.22,3116.31,3800.44,195.05
351,20141217,2014,12,17,29,24,26.5,0,0,0,3534,648,2730,3378,156,2145507,404028,1552638,1956666,188841,3631.28,686.08,2782.47,3468.55,162.73
352,20141218,2014,12,18,28,19,23.5,0.00,0.0,0,3457,584,2729,3313,144,2133209,365574,1614008,1979582,153627,3563.25,599.19,2820.33,3419.52,143.73
353,20141219,2014,12,19,32,27,29.5,0,0,0,3602,625,2811,3436,166,2359933,389464,1790525,2179989,179944,3742.05,643.77,2909.65,3553.42,188.63
354,20141220,2014,12,20,33,28,30.5,0,0,0,1918,383,1307,1690,228,1244692,221107,751208,972315,272377,1994.12,377.86,1377.7,1755.56,238.56
355,20141221,2014,12,21,36,31,33.5,0,0,0,1648,305,1064,1369,279,1405338,206707,695427,902134,503204,1795.21,323.83,1128.18,1452.01,343.2
356,20141222,2014,12,22,41,28,34.5,0.32,0,0,2064,349,1629,1978,86,1273749,223896,972256,1196152,77597,2183.31,370.46,1745.67,2116.13,67.18
357,20141223,2014,12,23,48,38,43.0,0.19,0.0,0,3650,556,2642,3198,452,2577243,386430,1560885,1947315,629928,3879.32,625.24,2764.4,3389.64,489.68
358,20141224,2014,12,24,40,36,38.0,0,0.0,0,1173,177,916,1093,80,850155,117582,621781,739363,110792,1190.26,194.31,916.95,1111.26,79.0
359,20141225,2014,12,25,42,33,37.5,0.00,0.0,0,812,114,327,441,371,987505,99594,209247,308841,678664,792.24,140.21,345.38,485.59,306.65
360,20141226,2014,12,26,50,36,43.0,0.00,0.0,0,2566,356,1252,1608,958,2659580,260805,819790,1080595,1578985,2692.64,383.97,1307.72,1691.69,1000.95
361,20141227,2014,12,27,49,31,40.0,0,0.0,0,1300,243,750,993,307,1039059,174477,446005,620482,418577,1282.32,249.88,739.66,989.54,292.78
362,20141228,2014,12,28,35,22,28.5,0.00,0.0,0,1323,221,716,937,386,1168609,135888,508396,644284,524325,1362.74,227.5,701.6,929.1,433.64
363,20141229,2014,12,29,30,19,24.5,0.00,0.0,0,2682,415,2023,2438,244,1645682,252171,1083184,1335355,310327,2720.33,442.24,2043.77,2486.01,234.32
364,20141230,2014,12,30,20,9,14.5,0.00,0.0,0,2180,350,1666,2016,164,1352346,209676,884122,1093798,258548,2114.77,353.84,1588.45,1942.29,172.48
365,20141231,2014,12,31,18,4,11.0,0.00,0.0,0,1417,253,1099,1352,65,761921,143721,545934,689655,72266,1267.52,239.24,958.89,1198.13,69.39
